other,What is the principle behind flight?
other,What are the four forces acting on an airplane?
other,What is the difference between IFR and VFR?
other,What is a black box in aviation?
other,What is the busiest airport in the world by passenger traffic?
other,"What does the term ""heavy"" signify when used after an aircraft's call sign?"
other,What is a stall in aviation?
other,What are the main parts of an airplane?
other,What is the significance of the Wright Brothers' first flight?
other,What is a transponder in aviation?
other,"What does the term ""squawk"" mean in aviation?"
other,What is the purpose of flaps on an airplane?
other,What is a NOTAM?
other,What is an airworthiness certificate?
other,What is the difference between a turbojet and a turbofan engine?
other,"What does the term ""gate hold"" mean in aviation?"
other,What is an ILS?
other,What is a go-around in aviation?
other,What is the purpose of ailerons on an aircraft?
other,What is wake turbulence?
other,What is an autopilot in aviation?
other,What are the main categories of airspace?
other,"What is a nautical mile, and how is it used in aviation?"
other,What is the purpose of a spoiler on an aircraft?
other,What is V-speed in aviation?
other,What is the role of the Federal Aviation Administration (FAA)?
other,What is a holding pattern in aviation?
other,"What does ""heavy"" indicate in relation to wake turbulence?"
other,What is a ground proximity warning system (GPWS)?
other,What is a glide slope?
other,What is the function of an aircraft's vertical stabilizer?
other,What is RNAV?
other,What is a flight envelope?
other,What are winglets?
other,What is a squawk code?
other,What is a crosswind landing?
other,What is ETOPS certification?
other,What is a go-around?
other,What is ADS-B?
other,"What does ""direct flight"" mean as opposed to ""non-stop flight""?"
other,"What is a ""deadhead"" flight?"
other,What is the significance of the Mach number in aviation?
other,"What is a ""Mayday"" call?"
other,"What is a ""red-eye"" flight?"
other,What is the difference between a charter flight and a scheduled flight?
other,What is an FBO in aviation?
other,"What does ""pushback"" mean in aviation?"
other,"What is a ""flight level""?"
other,"What are ""slots"" in the context of airport operations?"
other,"What is a ""taxiway""?"
other,"What does ""final approach"" mean?"
other,"What is ""altitude"" versus ""elevation""?"
other,"What is a ""missed approach"" in aviation?"
other,"What are ""standard operating procedures"" (SOPs) in aviation?"
other,"What is ""ground effect""?"
other,"What is a ""service ceiling""?"
other,"What is ""airspace congestion""?"
other,"What is ""visual flight rules"" (VFR) weather minimum?"
other,"What is a ""jet bridge""?"
other,"What is a ""turnaround"" in aviation?"
other,"What is a ""holding stack"" in air traffic control?"
other,"What does ""ETOPS"" stand for and what does it mean?"
other,"What is ""yaw"" in aviation?"
other,What is the function of the pitot tube on an aircraft?
other,"What is a ""wet lease"" in aviation?"
other,"What is ""clear air turbulence""?"
other,"What are ""line maintenance"" and ""base maintenance"" in aviation?"
other,"What is a ""cost index"" in aviation?"
other,"What is ""NextGen"" in U.S. aviation?"
other,"What does ""RVR"" stand for and why is it important?"
other,"What is a ""slot-restricted"" airport?"
other,"What is ""angle of attack"" in aviation?"
other,"What is ""Mode S"" transponder?"
other,"What is a ""dispatcher"" in aviation?"
other,"What is ""Minimum Equipment List"" (MEL) in aviation?"
other,"What is ""crew resource management"" (CRM)?"
other,"What does ""RNAV"" stand for, and how is it used?"
other,"What is ""ADS-C""?"
other,"What is the ""glass cockpit""?"
other,"What are ""NOTAMs"" and why are they important for pilots?"
other,"What is ""QNH"" in aviation?"
other,"What is ""QFE""?"
other,"What does ""squawk Mode C"" mean?"
other,"What is a ""flight plan"" in aviation?"
other,"What is ""block time"" in aviation?"
other,"What is ""CFIT""?"
other,"What are ""overwing exits""?"
other,"What is ""airspeed""?"
other,"What is ""Class A airspace""?"
other,"What is a ""Type Rating""?"
other,"What is ""RVSM""?"
other,"What does ""V1"" mean?"
other,"What is a ""wet runway""?"
other,"What is ""wind shear""?"
other,"What is ""ACARS""?"
other,"What is ""Alternate Airport""?"
other,"at does ""pan-pan"" mean?"
other,"What is ""decision height"" (DH)?"
other,"What is ""angle of incidence""?"